long;lat;group;order;region;subregion;;;
-94,4979;33,6670;1;1;texas;<NA>;;;
-94,4807;33,6555;1;2;texas;<NA>;;;
-94,4750;33,6326;1;3;texas;<NA>;;;
-94,4636;33,6154;1;4;texas;<NA>;;;
-94,4521;33,5982;1;5;texas;<NA>;;;
-94,4235;33,5982;1;6;texas;<NA>;;;
-94,4063;33,5753;1;7;texas;<NA>;;;
-94,4005;33,5696;1;8;texas;<NA>;;;
-94,3662;33,5753;1;9;texas;<NA>;;;
-94,3089;33,5696;1;10;texas;<NA>;;;
-94,2974;33,5753;1;11;texas;<NA>;;;
-94,2802;33,5868;1;12;texas;<NA>;;;
-94,2630;33,5868;1;13;texas;<NA>;;;
-94,2401;33,5753;1;14;texas;<NA>;;;
-94,2286;33,5982;1;15;texas;<NA>;;;
-94,2229;33,6097;1;16;texas;<NA>;;;
-94,2057;33,6154;1;17;texas;<NA>;;;
-94,1885;33,6097;1;18;texas;<NA>;;;
-94,1542;33,5868;1;19;texas;<NA>;;;
-94,1484;33,5868;1;20;texas;<NA>;;;
-94,1198;33,5925;1;21;texas;<NA>;;;
-94,0911;33,5982;1;22;texas;<NA>;;;
-94,0797;33,5868;1;23;texas;<NA>;;;
-94,0568;33,5753;1;24;texas;<NA>;;;
-94,0510;33,3003;1;25;texas;<NA>;;;
-94,0510;33,0368;1;26;texas;<NA>;;;
-94,0510;32,8992;1;27;texas;<NA>;;;
-94,0510;32,7102;1;28;texas;<NA>;;;
-94,0510;32,4065;1;29;texas;<NA>;;;
-94,0510;32,2117;1;30;texas;<NA>;;;
-94,0568;32,0169;1;31;texas;<NA>;;;
-94,0109;31,9882;1;32;texas;<NA>;;;
-93,9594;31,9367;1;33;texas;<NA>;;;
-93,9078;31,8908;1;34;texas;<NA>;;;
-93,8734;31,8565;1;35;texas;<NA>;;;
-93,8734;31,8278;1;36;texas;<NA>;;;
-93,8448;31,8049;1;37;texas;<NA>;;;
-93,8333;31,7877;1;38;texas;<NA>;;;
-93,8333;31,7591;1;39;texas;<NA>;;;
-93,8161;31,7304;1;40;texas;<NA>;;;
-93,7989;31,7132;1;41;texas;<NA>;;;
-93,8104;31,6960;1;42;texas;<NA>;;;
-93,8276;31,6846;1;43;texas;<NA>;;;
-93,8390;31,6731;1;44;texas;<NA>;;;
-93,8390;31,6502;1;45;texas;<NA>;;;
-93,8218;31,6387;1;46;texas;<NA>;;;
-93,8276;31,6273;1;47;texas;<NA>;;;
-93,8390;31,6158;1;48;texas;<NA>;;;
-93,8448;31,5986;1;49;texas;<NA>;;;
-93,8218;31,5814;1;50;texas;<NA>;;;
-93,7989;31,5413;1;51;texas;<NA>;;;
-93,7760;31,5299;1;52;texas;<NA>;;;
-93,7474;31,5299;1;53;texas;<NA>;;;
-93,7302;31,5184;1;54;texas;<NA>;;;
-93,7416;31,5070;1;55;texas;<NA>;;;
-93,7531;31,4783;1;56;texas;<NA>;;;
-93,7187;31,4611;1;57;texas;<NA>;;;
-93,7015;31,4210;1;58;texas;<NA>;;;
-93,6614;31,3809;1;59;texas;<NA>;;;
-93,6671;31,3694;1;60;texas;<NA>;;;
-93,6843;31,3408;1;61;texas;<NA>;;;
-93,7015;31,3236;1;62;texas;<NA>;;;
-93,6958;31,3122;1;63;texas;<NA>;;;
-93,6786;31,3007;1;64;texas;<NA>;;;
-93,6500;31,2892;1;65;texas;<NA>;;;
-93,6270;31,2663;1;66;texas;<NA>;;;
-93,6099;31,2434;1;67;texas;<NA>;;;
-93,6099;31,2205;1;68;texas;<NA>;;;
-93,5755;31,1976;1;69;texas;<NA>;;;
-93,5468;31,2033;1;70;texas;<NA>;;;
-93,5526;31,1460;1;71;texas;<NA>;;;
-93,5640;31,1059;1;72;texas;<NA>;;;
-93,5468;31,0658;1;73;texas;<NA>;;;
-93,5354;31,0486;1;74;texas;<NA>;;;
-93,5468;31,0257;1;75;texas;<NA>;;;
-93,5640;31,0142;1;76;texas;<NA>;;;
-93,5812;30,9970;1;77;texas;<NA>;;;
-93,5697;30,9798;1;78;texas;<NA>;;;
-93,5583;30,9684;1;79;texas;<NA>;;;
-93,5468;30,9512;1;80;texas;<NA>;;;
-93,5468;30,9340;1;81;texas;<NA>;;;
-93,5640;30,9168;1;82;texas;<NA>;;;
-93,5755;30,8996;1;83;texas;<NA>;;;
-93,5640;30,8824;1;84;texas;<NA>;;;
-93,5755;30,8538;1;85;texas;<NA>;;;
-93,5812;30,8366;1;86;texas;<NA>;;;
-93,5984;30,8079;1;87;texas;<NA>;;;
-93,6500;30,7277;1;88;texas;<NA>;;;
-93,6671;30,6876;1;89;texas;<NA>;;;
-93,7015;30,6532;1;90;texas;<NA>;;;
-93,7015;30,6303;1;91;texas;<NA>;;;
-93,7015;30,6131;1;92;texas;<NA>;;;
-93,7187;30,6017;1;93;texas;<NA>;;;
-93,7302;30,5845;1;94;texas;<NA>;;;
-93,7416;30,5444;1;95;texas;<NA>;;;
-93,7302;30,5043;1;96;texas;<NA>;;;
-93,7187;30,4584;1;97;texas;<NA>;;;
-93,7302;30,4413;1;98;texas;<NA>;;;
-93,7302;30,4183;1;99;texas;<NA>;;;
-93,7531;30,4011;1;100;texas;<NA>;;;
-93,7588;30,3324;1;101;texas;<NA>;;;
-93,7474;30,3209;1;102;texas;<NA>;;;
-93,7130;30,2808;1;103;texas;<NA>;;;
-93,6786;30,2464;1;104;texas;<NA>;;;
-93,6901;30,2235;1;105;texas;<NA>;;;
-93,6843;30,2006;1;106;texas;<NA>;;;
-93,7015;30,1376;1;107;texas;<NA>;;;
-93,7244;30,0917;1;108;texas;<NA>;;;
-93,7130;30,0688;1;109;texas;<NA>;;;
-93,7416;30,0402;1;110;texas;<NA>;;;
-93,7645;30,0173;1;111;texas;<NA>;;;
-93,7989;29,9772;1;112;texas;<NA>;;;
-93,8047;29,9600;1;113;texas;<NA>;;;
-93,8333;29,9256;1;114;texas;<NA>;;;
-93,8620;29,8798;1;115;texas;<NA>;;;
-93,9078;29,8511;1;116;texas;<NA>;;;
-93,9307;29,8225;1;117;texas;<NA>;;;
-93,9307;29,7995;1;118;texas;<NA>;;;
-93,9078;29,7766;1;119;texas;<NA>;;;
-93,8849;29,7766;1;120;texas;<NA>;;;
-93,8448;29,7365;1;121;texas;<NA>;;;
-93,8734;29,7365;1;122;texas;<NA>;;;
-94,0396;29,7079;1;123;texas;<NA>;;;
-94,0682;29,7079;1;124;texas;<NA>;;;
-94,3203;29,6105;1;125;texas;<NA>;;;
-94,3604;29,5933;1;126;texas;<NA>;;;
-94,3833;29,5875;1;127;texas;<NA>;;;
-94,4292;29,5761;1;128;texas;<NA>;;;
-94,4750;29,5589;1;129;texas;<NA>;;;
-94,5323;29,5360;1;130;texas;<NA>;;;
-94,6125;29,5016;1;131;texas;<NA>;;;
-94,6813;29,4615;1;132;texas;<NA>;;;
-94,7214;29,4214;1;133;texas;<NA>;;;
-94,7500;29,4099;1;134;texas;<NA>;;;
-94,7672;29,3985;1;135;texas;<NA>;;;
-94,7844;29,4099;1;136;texas;<NA>;;;
-94,7844;29,4214;1;137;texas;<NA>;;;
-94,7672;29,4443;1;138;texas;<NA>;;;
-94,7157;29,4730;1;139;texas;<NA>;;;
-94,6813;29,5131;1;140;texas;<NA>;;;
-94,6526;29,5131;1;141;texas;<NA>;;;
-94,6354;29,5245;1;142;texas;<NA>;;;
-94,6125;29,5474;1;143;texas;<NA>;;;
-94,5953;29,5589;1;144;texas;<NA>;;;
-94,5495;29,5589;1;145;texas;<NA>;;;
-94,5266;29,5646;1;146;texas;<NA>;;;
-94,5380;29,5933;1;147;texas;<NA>;;;
-94,5667;29,6047;1;148;texas;<NA>;;;
-94,6125;29,5875;1;149;texas;<NA>;;;
-94,6870;29,5761;1;150;texas;<NA>;;;
-94,7558;29,5589;1;151;texas;<NA>;;;
-94,7787;29,5589;1;152;texas;<NA>;;;
-94,7901;29,5704;1;153;texas;<NA>;;;
-94,7844;29,5875;1;154;texas;<NA>;;;
-94,7672;29,6219;1;155;texas;<NA>;;;
-94,7328;29,6792;1;156;texas;<NA>;;;
-94,7099;29,7824;1;157;texas;<NA>;;;
-94,6927;29,8225;1;158;texas;<NA>;;;
-94,6985;29,8396;1;159;texas;<NA>;;;
-94,7099;29,8454;1;160;texas;<NA>;;;
-94,7386;29,8167;1;161;texas;<NA>;;;
-94,7901;29,7995;1;162;texas;<NA>;;;
-94,8474;29,7652;1;163;texas;<NA>;;;
-94,8818;29,7251;1;164;texas;<NA>;;;
-94,9105;29,6907;1;165;texas;<NA>;;;
-94,9277;29,6907;1;166;texas;<NA>;;;
-94,9678;29,7193;1;167;texas;<NA>;;;
-94,9964;29,7422;1;168;texas;<NA>;;;
-95,0193;29,7480;1;169;texas;<NA>;;;
-95,0021;29,7537;1;170;texas;<NA>;;;
-95,0308;29,7422;1;171;texas;<NA>;;;
-95,0365;29,7308;1;172;texas;<NA>;;;
-95,0136;29,7079;1;173;texas;<NA>;;;
-95,0136;29,6964;1;174;texas;<NA>;;;
-95,0251;29,6678;1;175;texas;<NA>;;;
-95,0021;29,6506;1;176;texas;<NA>;;;
-94,9907;29,6277;1;177;texas;<NA>;;;
-95,0079;29,5933;1;178;texas;<NA>;;;
-95,0193;29,5818;1;179;texas;<NA>;;;
-95,0193;29,5589;1;180;texas;<NA>;;;
-95,0021;29,5474;1;181;texas;<NA>;;;
-94,9678;29,5360;1;182;texas;<NA>;;;
-94,9334;29,5245;1;183;texas;<NA>;;;
-94,9334;29,5073;1;184;texas;<NA>;;;
-94,9620;29,4901;1;185;texas;<NA>;;;
-94,9620;29,4730;1;186;texas;<NA>;;;
-94,9219;29,4672;1;187;texas;<NA>;;;
-94,9105;29,4328;1;188;texas;<NA>;;;
-94,9105;29,3927;1;189;texas;<NA>;;;
-94,9162;29,3526;1;190;texas;<NA>;;;
-94,9277;29,3354;1;191;texas;<NA>;;;
-94,9563;29,3412;1;192;texas;<NA>;;;
-94,9735;29,3469;1;193;texas;<NA>;;;
-95,0480;29,2610;1;194;texas;<NA>;;;
-95,0766;29,2266;1;195;texas;<NA>;;;
-95,1225;29,2151;1;196;texas;<NA>;;;
-95,1397;29,2209;1;197;texas;<NA>;;;
-95,1568;29,2380;1;198;texas;<NA>;;;
-95,1740;29,2323;1;199;texas;<NA>;;;
-95,1740;29,1979;1;200;texas;<NA>;;;
-95,1798;29,1636;1;201;texas;<NA>;;;
-95,2084;29,1521;1;202;texas;<NA>;;;
-95,2313;29,1292;1;203;texas;<NA>;;;
-95,2313;29,1063;1;204;texas;<NA>;;;
-95,2141;29,0948;1;205;texas;<NA>;;;
-95,1683;29,1120;1;206;texas;<NA>;;;
-95,1626;29,1005;1;207;texas;<NA>;;;
-95,2027;29,0432;1;208;texas;<NA>;;;
-95,2943;28,9859;1;209;texas;<NA>;;;
-95,3574;28,9458;1;210;texas;<NA>;;;
-95,4032;28,9229;1;211;texas;<NA>;;;
-95,5522;28,8427;1;212;texas;<NA>;;;
-95,6438;28,7854;1;213;texas;<NA>;;;
-95,7470;28,7281;1;214;texas;<NA>;;;
-95,8788;28,6651;1;215;texas;<NA>;;;
-96,0048;28,6192;1;216;texas;<NA>;;;
-96,1251;28,5562;1;217;texas;<NA>;;;
-96,2798;28,4760;1;218;texas;<NA>;;;
-96,3371;28,4302;1;219;texas;<NA>;;;
-96,3658;28,4130;1;220;texas;<NA>;;;
-96,3830;28,4302;1;221;texas;<NA>;;;
-96,3772;28,4359;1;222;texas;<NA>;;;
-96,3543;28,4760;1;223;texas;<NA>;;;
-96,3085;28,4817;1;224;texas;<NA>;;;
-96,2397;28,5276;1;225;texas;<NA>;;;
-96,1137;28,5849;1;226;texas;<NA>;;;
-96,0564;28,6135;1;227;texas;<NA>;;;
-96,0163;28,6422;1;228;texas;<NA>;;;
-95,9934;28,6651;1;229;texas;<NA>;;;
-95,9017;28,6823;1;230;texas;<NA>;;;
-95,7814;28,7453;1;231;texas;<NA>;;;
-95,7584;28,7625;1;232;texas;<NA>;;;
-95,7584;28,7854;1;233;texas;<NA>;;;
-95,7814;28,7854;1;234;texas;<NA>;;;
-95,8157;28,7854;1;235;texas;<NA>;;;
-95,8616;28,7568;1;236;texas;<NA>;;;
-95,9189;28,7453;1;237;texas;<NA>;;;
-95,9934;28,7109;1;238;texas;<NA>;;;
-96,1309;28,6364;1;239;texas;<NA>;;;
-96,1824;28,6192;1;240;texas;<NA>;;;
-96,2340;28,5906;1;241;texas;<NA>;;;
-96,2569;28,6135;1;242;texas;<NA>;;;
-96,2569;28,6307;1;243;texas;<NA>;;;
-96,1939;28,6307;1;244;texas;<NA>;;;
-96,1882;28,6422;1;245;texas;<NA>;;;
-96,1996;28,6536;1;246;texas;<NA>;;;
-96,2397;28,6479;1;247;texas;<NA>;;;
-96,2397;28,6651;1;248;texas;<NA>;;;
-96,2111;28,7453;1;249;texas;<NA>;;;
-96,2111;28,7682;1;250;texas;<NA>;;;
-96,2225;28,7682;1;251;texas;<NA>;;;
-96,2455;28,7224;1;252;texas;<NA>;;;
-96,2741;28,6995;1;253;texas;<NA>;;;
-96,2798;28,7281;1;254;texas;<NA>;;;
-96,2856;28,7453;1;255;texas;<NA>;;;
-96,2970;28,7167;1;256;texas;<NA>;;;
-96,3199;28,6708;1;257;texas;<NA>;;;
-96,3600;28,6536;1;258;texas;<NA>;;;
-96,3830;28,6708;1;259;texas;<NA>;;;
-96,4059;28,7109;1;260;texas;<NA>;;;
-96,4116;28,7453;1;261;texas;<NA>;;;
-96,4403;28,7281;1;262;texas;<NA>;;;
-96,4403;28,6995;1;263;texas;<NA>;;;
-96,4002;28,6307;1;264;texas;<NA>;;;
-96,4517;28,6078;1;265;texas;<NA>;;;
-96,4861;28,5849;1;266;texas;<NA>;;;
-96,5033;28,5963;1;267;texas;<NA>;;;
-96,4861;28,6078;1;268;texas;<NA>;;;
-96,4632;28,6250;1;269;texas;<NA>;;;
-96,4746;28,6708;1;270;texas;<NA>;;;
-96,4918;28,6307;1;271;texas;<NA>;;;
-96,5147;28,6307;1;272;texas;<NA>;;;
-96,5262;28,6536;1;273;texas;<NA>;;;
-96,5434;28,6880;1;274;texas;<NA>;;;
-96,5835;28,6708;1;275;texas;<NA>;;;
-96,5950;28,7109;1;276;texas;<NA>;;;
-96,6121;28,7281;1;277;texas;<NA>;;;
-96,6523;28,7224;1;278;texas;<NA>;;;
-96,6694;28,7281;1;279;texas;<NA>;;;
-96,6580;28,6880;1;280;texas;<NA>;;;
-96,6408;28,6364;1;281;texas;<NA>;;;
-96,6580;28,6078;1;282;texas;<NA>;;;
-96,6580;28,5906;1;283;texas;<NA>;;;
-96,6408;28,5906;1;284;texas;<NA>;;;
-96,6007;28,5963;1;285;texas;<NA>;;;
-96,5778;28,6021;1;286;texas;<NA>;;;
-96,5262;28,5677;1;287;texas;<NA>;;;
-96,5147;28,5505;1;288;texas;<NA>;;;
-96,5549;28,5333;1;289;texas;<NA>;;;
-96,5835;28,5104;1;290;texas;<NA>;;;
-96,5892;28,4932;1;291;texas;<NA>;;;
-96,5549;28,4932;1;292;texas;<NA>;;;
-96,5147;28,5104;1;293;texas;<NA>;;;
-96,4689;28,5161;1;294;texas;<NA>;;;
-96,4345;28,4645;1;295;texas;<NA>;;;
-96,4746;28,4416;1;296;texas;<NA>;;;
-96,4976;28,4244;1;297;texas;<NA>;;;
-96,5147;28,4302;1;298;texas;<NA>;;;
-96,5377;28,4073;1;299;texas;<NA>;;;
-96,6179;28,3671;1;300;texas;<NA>;;;
-96,6523;28,3500;1;301;texas;<NA>;;;
-96,6866;28,3385;1;302;texas;<NA>;;;
-96,6981;28,3442;1;303;texas;<NA>;;;
-96,7153;28,3614;1;304;texas;<NA>;;;
-96,7267;28,4244;1;305;texas;<NA>;;;
-96,7382;28,4359;1;306;texas;<NA>;;;
-96,7726;28,4474;1;307;texas;<NA>;;;
-96,7955;28,4760;1;308;texas;<NA>;;;
-96,8012;28,4989;1;309;texas;<NA>;;;
-96,8241;28,5047;1;310;texas;<NA>;;;
-96,8356;28,4932;1;311;texas;<NA>;;;
-96,8299;28,4703;1;312;texas;<NA>;;;
-96,8012;28,4474;1;313;texas;<NA>;;;
-96,7955;28,4244;1;314;texas;<NA>;;;
-96,7955;28,4073;1;315;texas;<NA>;;;
-96,8127;28,4073;1;316;texas;<NA>;;;
-96,8356;28,4302;1;317;texas;<NA>;;;
-96,8585;28,4359;1;318;texas;<NA>;;;
-96,8700;28,4187;1;319;texas;<NA>;;;
-96,8528;28,4015;1;320;texas;<NA>;;;
-96,8299;28,3729;1;321;texas;<NA>;;;
-96,8070;28,3442;1;322;texas;<NA>;;;
-96,8012;28,3156;1;323;texas;<NA>;;;
-96,8127;28,2869;1;324;texas;<NA>;;;
-96,8070;28,2583;1;325;texas;<NA>;;;
-96,8241;28,2182;1;326;texas;<NA>;;;
-96,8757;28,1953;1;327;texas;<NA>;;;
-96,9101;28,1666;1;328;texas;<NA>;;;
-96,9445;28,1494;1;329;texas;<NA>;;;
-96,9445;28,1838;1;330;texas;<NA>;;;
-96,9273;28,2411;1;331;texas;<NA>;;;
-96,9215;28,2697;1;332;texas;<NA>;;;
-96,9445;28,2755;1;333;texas;<NA>;;;
-96,9903;28,2526;1;334;texas;<NA>;;;
-96,9846;28,2354;1;335;texas;<NA>;;;
-96,9731;28,2182;1;336;texas;<NA>;;;
-96,9617;28,1953;1;337;texas;<NA>;;;
-96,9731;28,1723;1;338;texas;<NA>;;;
-97,0018;28,1552;1;339;texas;<NA>;;;
-97,0361;28,1552;1;340;texas;<NA>;;;
-97,0419;28,1723;1;341;texas;<NA>;;;
-97,0361;28,2010;1;342;texas;<NA>;;;
-97,0591;28,2182;1;343;texas;<NA>;;;
-97,0762;28,2067;1;344;texas;<NA>;;;
-97,1106;28,1895;1;345;texas;<NA>;;;
-97,1221;28,1723;1;346;texas;<NA>;;;
-97,1450;28,1666;1;347;texas;<NA>;;;
-97,1622;28,1838;1;348;texas;<NA>;;;
-97,1908;28,1895;1;349;texas;<NA>;;;
-97,2138;28,1838;1;350;texas;<NA>;;;
-97,1908;28,1609;1;351;texas;<NA>;;;
-97,1908;28,1494;1;352;texas;<NA>;;;
-97,2023;28,1265;1;353;texas;<NA>;;;
-97,2481;28,0979;1;354;texas;<NA>;;;
-97,2653;28,0979;1;355;texas;<NA>;;;
-97,2539;28,0749;1;356;texas;<NA>;;;
-97,1393;27,8916;1;357;texas;<NA>;;;
-97,1966;27,8572;1;358;texas;<NA>;;;
-97,2309;27,8400;1;359;texas;<NA>;;;
-97,2481;27,8400;1;360;texas;<NA>;;;
-97,2711;27,8687;1;361;texas;<NA>;;;
-97,2940;27,8801;1;362;texas;<NA>;;;
-97,3169;27,8801;1;363;texas;<NA>;;;
-97,3570;27,8744;1;364;texas;<NA>;;;
-97,3914;27,8916;1;365;texas;<NA>;;;
-97,4086;27,8973;1;366;texas;<NA>;;;
-97,4888;27,8801;1;367;texas;<NA>;;;
-97,5117;27,8973;1;368;texas;<NA>;;;
-97,5403;27,8973;1;369;texas;<NA>;;;
-97,5690;27,8916;1;370;texas;<NA>;;;
-97,5461;27,8629;1;371;texas;<NA>;;;
-97,5174;27,8458;1;372;texas;<NA>;;;
-97,4716;27,8343;1;373;texas;<NA>;;;
-97,4429;27,8343;1;374;texas;<NA>;;;
-97,4200;27,8515;1;375;texas;<NA>;;;
-97,4028;27,8286;1;376;texas;<NA>;;;
-97,4086;27,8171;1;377;texas;<NA>;;;
-97,4143;27,7885;1;378;texas;<NA>;;;
-97,4143;27,7598;1;379;texas;<NA>;;;
-97,3856;27,7369;1;380;texas;<NA>;;;
-97,3627;27,7140;1;381;texas;<NA>;;;
-97,3627;27,7025;1;382;texas;<NA>;;;
-97,3856;27,6796;1;383;texas;<NA>;;;
-97,3971;27,6567;1;384;texas;<NA>;;;
-97,3856;27,6452;1;385;texas;<NA>;;;
-97,3685;27,6567;1;386;texas;<NA>;;;
-97,3283;27,6968;1;387;texas;<NA>;;;
-97,3112;27,7082;1;388;texas;<NA>;;;
-97,2997;27,6911;1;389;texas;<NA>;;;
-97,2940;27,6681;1;390;texas;<NA>;;;
-97,3226;27,6338;1;391;texas;<NA>;;;
-97,3455;27,5593;1;392;texas;<NA>;;;
-97,3742;27,4733;1;393;texas;<NA>;;;
-97,4028;27,4390;1;394;texas;<NA>;;;
-97,4257;27,3759;1;395;texas;<NA>;;;
-97,4659;27,3244;1;396;texas;<NA>;;;
-97,4888;27,3129;1;397;texas;<NA>;;;
-97,5174;27,2900;1;398;texas;<NA>;;;
-97,5518;27,2957;1;399;texas;<NA>;;;
-97,5690;27,3129;1;400;texas;<NA>;;;
-97,5403;27,3186;1;401;texas;<NA>;;;
-97,5174;27,3416;1;402;texas;<NA>;;;
-97,5117;27,3759;1;403;texas;<NA>;;;
-97,5117;27,4218;1;404;texas;<NA>;;;
-97,5289;27,4275;1;405;texas;<NA>;;;
-97,5403;27,4218;1;406;texas;<NA>;;;
-97,5346;27,3931;1;407;texas;<NA>;;;
-97,5575;27,3645;1;408;texas;<NA>;;;
-97,5747;27,3416;1;409;texas;<NA>;;;
-97,6205;27,3416;1;410;texas;<NA>;;;
-97,6320;27,3358;1;411;texas;<NA>;;;
-97,6148;27,3072;1;412;texas;<NA>;;;
-97,6320;27,3014;1;413;texas;<NA>;;;
-97,6549;27,3072;1;414;texas;<NA>;;;
-97,6664;27,3416;1;415;texas;<NA>;;;
-97,7008;27,3587;1;416;texas;<NA>;;;
-97,7237;27,3931;1;417;texas;<NA>;;;
-97,7810;27,4619;1;418;texas;<NA>;;;
-97,7982;27,4676;1;419;texas;<NA>;;;
-97,8039;27,4561;1;420;texas;<NA>;;;
-97,7638;27,4160;1;421;texas;<NA>;;;
-97,7638;27,3931;1;422;texas;<NA>;;;
-97,7352;27,3645;1;423;texas;<NA>;;;
-97,7352;27,3416;1;424;texas;<NA>;;;
-97,7065;27,3186;1;425;texas;<NA>;;;
-97,6950;27,3014;1;426;texas;<NA>;;;
-97,7065;27,2900;1;427;texas;<NA>;;;
-97,7581;27,2785;1;428;texas;<NA>;;;
-97,7581;27,2671;1;429;texas;<NA>;;;
-97,7237;27,2499;1;430;texas;<NA>;;;
-97,6893;27,2441;1;431;texas;<NA>;;;
-97,6492;27,2499;1;432;texas;<NA>;;;
-97,6148;27,2556;1;433;texas;<NA>;;;
-97,5919;27,2499;1;434;texas;<NA>;;;
-97,5633;27,2327;1;435;texas;<NA>;;;
-97,5346;27,2441;1;436;texas;<NA>;;;
-97,5060;27,2556;1;437;texas;<NA>;;;
-97,4773;27,2671;1;438;texas;<NA>;;;
-97,4544;27,2556;1;439;texas;<NA>;;;
-97,4544;27,1983;1;440;texas;<NA>;;;
-97,4544;27,1525;1;441;texas;<NA>;;;
-97,4716;27,1296;1;442;texas;<NA>;;;
-97,4945;27,1181;1;443;texas;<NA>;;;
-97,5060;27,0952;1;444;texas;<NA>;;;
-97,4945;27,0665;1;445;texas;<NA>;;;
-97,4888;27,0493;1;446;texas;<NA>;;;
-97,5002;27,0264;1;447;texas;<NA>;;;
-97,5461;27,0092;1;448;texas;<NA>;;;
-97,5575;26,9920;1;449;texas;<NA>;;;
-97,5690;26,9691;1;450;texas;<NA>;;;
-97,5575;26,9290;1;451;texas;<NA>;;;
-97,5690;26,9004;1;452;texas;<NA>;;;
-97,5690;26,8545;1;453;texas;<NA>;;;
-97,5403;26,8373;1;454;texas;<NA>;;;
-97,5117;26,8087;1;455;texas;<NA>;;;
-97,4945;26,7629;1;456;texas;<NA>;;;
-97,4659;26,6540;1;457;texas;<NA>;;;
-97,4544;26,6082;1;458;texas;<NA>;;;
-97,4429;26,5509;1;459;texas;<NA>;;;
-97,4544;26,5280;1;460;texas;<NA>;;;
-97,4716;26,4878;1;461;texas;<NA>;;;
-97,4544;26,4191;1;462;texas;<NA>;;;
-97,4200;26,4134;1;463;texas;<NA>;;;
-97,3914;26,3904;1;464;texas;<NA>;;;
-97,3742;26,3618;1;465;texas;<NA>;;;
-97,3742;26,3045;1;466;texas;<NA>;;;
-97,3627;26,2873;1;467;texas;<NA>;;;
-97,3398;26,2988;1;468;texas;<NA>;;;
-97,3226;26,2873;1;469;texas;<NA>;;;
-97,3341;26,2701;1;470;texas;<NA>;;;
-97,3455;26,2300;1;471;texas;<NA>;;;
-97,3054;26,2128;1;472;texas;<NA>;;;
-97,3169;26,1670;1;473;texas;<NA>;;;
-97,3169;26,1441;1;474;texas;<NA>;;;
-97,3112;26,1212;1;475;texas;<NA>;;;
-97,2825;26,1040;1;476;texas;<NA>;;;
-97,2539;26,1154;1;477;texas;<NA>;;;
-97,2309;26,1212;1;478;texas;<NA>;;;
-97,2138;26,1040;1;479;texas;<NA>;;;
-97,2252;26,0868;1;480;texas;<NA>;;;
-97,2539;26,0696;1;481;texas;<NA>;;;
-97,2653;26,0409;1;482;texas;<NA>;;;
-97,2539;26,0008;1;483;texas;<NA>;;;
-97,2195;26,0123;1;484;texas;<NA>;;;
-97,2252;26,0295;1;485;texas;<NA>;;;
-97,2080;26,0409;1;486;texas;<NA>;;;
-97,1794;26,0123;1;487;texas;<NA>;;;
-97,1851;26,0639;1;488;texas;<NA>;;;
-97,1794;26,0810;1;489;texas;<NA>;;;
-97,1565;26,0810;1;490;texas;<NA>;;;
-97,1507;26,0581;1;491;texas;<NA>;;;
-97,1679;25,9665;1;492;texas;<NA>;;;
-97,2711;25,9665;1;493;texas;<NA>;;;
-97,2940;25,9607;1;494;texas;<NA>;;;
-97,2940;25,9435;1;495;texas;<NA>;;;
-97,2997;25,9378;1;496;texas;<NA>;;;
-97,3341;25,9378;1;497;texas;<NA>;;;
-97,3627;25,9378;1;498;texas;<NA>;;;
-97,3742;25,9378;1;499;texas;<NA>;;;
-97,3685;25,9378;1;500;texas;<NA>;;;
-97,3742;25,9378;1;501;texas;<NA>;;;
-97,3971;25,9378;1;502;texas;<NA>;;;
-97,4143;25,9378;1;503;texas;<NA>;;;
-97,4257;25,9378;1;504;texas;<NA>;;;
-97,4487;25,9378;1;505;texas;<NA>;;;
-97,4773;25,9378;1;506;texas;<NA>;;;
-97,4945;25,9378;1;507;texas;<NA>;;;
-97,5232;25,9378;1;508;texas;<NA>;;;
-97,6148;25,9779;1;509;texas;<NA>;;;
-97,6492;26,0352;1;510;texas;<NA>;;;
-97,6779;26,0409;1;511;texas;<NA>;;;
-97,7065;26,0352;1;512;texas;<NA>;;;
-97,7352;26,0352;1;513;texas;<NA>;;;
-97,7695;26,0467;1;514;texas;<NA>;;;
-97,7924;26,0409;1;515;texas;<NA>;;;
-97,8096;26,0639;1;516;texas;<NA>;;;
-97,8268;26,0524;1;517;texas;<NA>;;;
-97,8440;26,0696;1;518;texas;<NA>;;;
-97,8669;26,0696;1;519;texas;<NA>;;;
-97,9586;26,0696;1;520;texas;<NA>;;;
-97,9815;26,0581;1;521;texas;<NA>;;;
-97,9930;26,0696;1;522;texas;<NA>;;;
-98,0159;26,0696;1;523;texas;<NA>;;;
-98,0560;26,0524;1;524;texas;<NA>;;;
-98,0789;26,0524;1;525;texas;<NA>;;;
-98,1076;26,0696;1;526;texas;<NA>;;;
-98,1248;26,0639;1;527;texas;<NA>;;;
-98,1591;26,0581;1;528;texas;<NA>;;;
-98,1763;26,0696;1;529;texas;<NA>;;;
-98,1935;26,0753;1;530;texas;<NA>;;;
-98,2222;26,0753;1;531;texas;<NA>;;;
-98,2852;26,0982;1;532;texas;<NA>;;;
-98,2852;26,1212;1;533;texas;<NA>;;;
-98,2966;26,1326;1;534;texas;<NA>;;;
-98,3081;26,1326;1;535;texas;<NA>;;;
-98,3196;26,1212;1;536;texas;<NA>;;;
-98,3310;26,1212;1;537;texas;<NA>;;;
-98,3482;26,1670;1;538;texas;<NA>;;;
-98,3654;26,1670;1;539;texas;<NA>;;;
-98,3883;26,1670;1;540;texas;<NA>;;;
-98,4055;26,1727;1;541;texas;<NA>;;;
-98,4112;26,1956;1;542;texas;<NA>;;;
-98,4342;26,1956;1;543;texas;<NA>;;;
-98,4513;26,2014;1;544;texas;<NA>;;;
-98,4571;26,2243;1;545;texas;<NA>;;;
-98,4685;26,2357;1;546;texas;<NA>;;;
-98,4915;26,2243;1;547;texas;<NA>;;;
-98,5086;26,2243;1;548;texas;<NA>;;;
-98,5373;26,2472;1;549;texas;<NA>;;;
-98,5602;26,2529;1;550;texas;<NA>;;;
-98,5717;26,2415;1;551;texas;<NA>;;;
-98,5831;26,2472;1;552;texas;<NA>;;;
-98,5946;26,2587;1;553;texas;<NA>;;;
-98,6290;26,2587;1;554;texas;<NA>;;;
-98,6404;26,2415;1;555;texas;<NA>;;;
-98,6691;26,2472;1;556;texas;<NA>;;;
-98,7436;26,3102;1;557;texas;<NA>;;;
-98,7493;26,3274;1;558;texas;<NA>;;;
-98,7722;26,3389;1;559;texas;<NA>;;;
-98,8066;26,3503;1;560;texas;<NA>;;;
-98,8295;26,3675;1;561;texas;<NA>;;;
-98,8639;26,3733;1;562;texas;<NA>;;;
-98,9097;26,3675;1;563;texas;<NA>;;;
-98,9326;26,3790;1;564;texas;<NA>;;;
-98,9670;26,3847;1;565;texas;<NA>;;;
-98,9899;26,4019;1;566;texas;<NA>;;;
-99,0472;26,4134;1;567;texas;<NA>;;;
-99,0701;26,3962;1;568;texas;<NA>;;;
-99,0988;26,4076;1;569;texas;<NA>;;;
-99,1045;26,4305;1;570;texas;<NA>;;;
-99,0988;26,4821;1;571;texas;<NA>;;;
-99,1561;26,5509;1;572;texas;<NA>;;;
-99,1561;26,5852;1;573;texas;<NA>;;;
-99,1790;26,6311;1;574;texas;<NA>;;;
-99,2019;26,6597;1;575;texas;<NA>;;;
-99,2076;26,7056;1;576;texas;<NA>;;;
-99,2764;26,8488;1;577;texas;<NA>;;;
-99,3165;26,8660;1;578;texas;<NA>;;;
-99,3452;26,9118;1;579;texas;<NA>;;;
-99,3795;26,9233;1;580;texas;<NA>;;;
-99,3910;26,9405;1;581;texas;<NA>;;;
-99,4025;26,9806;1;582;texas;<NA>;;;
-99,4254;27,0035;1;583;texas;<NA>;;;
-99,4540;27,0322;1;584;texas;<NA>;;;
-99,4655;27,0608;1;585;texas;<NA>;;;
-99,4483;27,0952;1;586;texas;<NA>;;;
-99,4368;27,1238;1;587;texas;<NA>;;;
-99,4426;27,2155;1;588;texas;<NA>;;;
-99,4426;27,2384;1;589;texas;<NA>;;;
-99,4941;27,2728;1;590;texas;<NA>;;;
-99,5056;27,2957;1;591;texas;<NA>;;;
-99,5400;27,3072;1;592;texas;<NA>;;;
-99,5228;27,3416;1;593;texas;<NA>;;;
-99,5056;27,3702;1;594;texas;<NA>;;;
-99,5113;27,4103;1;595;texas;<NA>;;;
-99,5056;27,4504;1;596;texas;<NA>;;;
-99,4999;27,5020;1;597;texas;<NA>;;;
-99,5342;27,5077;1;598;texas;<NA>;;;
-99,5342;27,5478;1;599;texas;<NA>;;;
-99,5457;27,5879;1;600;texas;<NA>;;;
-99,6316;27,6395;1;601;texas;<NA>;;;
-99,6546;27,6280;1;602;texas;<NA>;;;
-99,6775;27,6567;1;603;texas;<NA>;;;
-99,7176;27,6624;1;604;texas;<NA>;;;
-99,7520;27,6968;1;605;texas;<NA>;;;
-99,7863;27,7312;1;606;texas;<NA>;;;
-99,7978;27,7598;1;607;texas;<NA>;;;
-99,8264;27,7655;1;608;texas;<NA>;;;
-99,8551;27,7827;1;609;texas;<NA>;;;
-99,8723;27,8171;1;610;texas;<NA>;;;
-99,8895;27,8687;1;611;texas;<NA>;;;
-99,9296;27,9145;1;612;texas;<NA>;;;
-99,9353;27,9489;1;613;texas;<NA>;;;
-99,9525;27,9661;1;614;texas;<NA>;;;
-99,9754;27,9661;1;615;texas;<NA>;;;
-99,9983;27,9833;1;616;texas;<NA>;;;
-100,0212;28,0348;1;617;texas;<NA>;;;
-100,0556;28,0864;1;618;texas;<NA>;;;
-100,0843;28,1265;1;619;texas;<NA>;;;
-100,1358;28,1494;1;620;texas;<NA>;;;
-100,1817;28,1723;1;621;texas;<NA>;;;
-100,1989;28,1953;1;622;texas;<NA>;;;
-100,2275;28,2239;1;623;texas;<NA>;;;
-100,2734;28,2583;1;624;texas;<NA>;;;
-100,2905;28,2869;1;625;texas;<NA>;;;
-100,3020;28,3156;1;626;texas;<NA>;;;
-100,3192;28,3328;1;627;texas;<NA>;;;
-100,3249;28,3671;1;628;texas;<NA>;;;
-100,3306;28,4015;1;629;texas;<NA>;;;
-100,3421;28,4302;1;630;texas;<NA>;;;
-100,3707;28,4531;1;631;texas;<NA>;;;
-100,3765;28,4703;1;632;texas;<NA>;;;
-100,3650;28,4932;1;633;texas;<NA>;;;
-100,3707;28,5104;1;634;texas;<NA>;;;
-100,3994;28,5218;1;635;texas;<NA>;;;
-100,4223;28,5390;1;636;texas;<NA>;;;
-100,4280;28,5677;1;637;texas;<NA>;;;
-100,4223;28,5849;1;638;texas;<NA>;;;
-100,4395;28,5906;1;639;texas;<NA>;;;
-100,4567;28,6078;1;640;texas;<NA>;;;
-100,4682;28,6422;1;641;texas;<NA>;;;
-100,5083;28,6536;1;642;texas;<NA>;;;
-100,5254;28,6823;1;643;texas;<NA>;;;
-100,5254;28,7224;1;644;texas;<NA>;;;
-100,5598;28,8026;1;645;texas;<NA>;;;
-100,5827;28,8141;1;646;texas;<NA>;;;
-100,5942;28,8542;1;647;texas;<NA>;;;
-100,5885;28,8828;1;648;texas;<NA>;;;
-100,6229;28,8885;1;649;texas;<NA>;;;
-100,6458;28,9115;1;650;texas;<NA>;;;
-100,6630;28,9573;1;651;texas;<NA>;;;
-100,6859;29,0547;1;652;texas;<NA>;;;
-100,6916;29,0719;1;653;texas;<NA>;;;
-100,7145;29,1177;1;654;texas;<NA>;;;
-100,7604;29,1521;1;655;texas;<NA>;;;
-100,7890;29,1750;1;656;texas;<NA>;;;
-100,8062;29,2209;1;657;texas;<NA>;;;
-100,8062;29,2438;1;658;texas;<NA>;;;
-100,8348;29,2552;1;659;texas;<NA>;;;
-100,8692;29,2781;1;660;texas;<NA>;;;
-100,9036;29,3068;1;661;texas;<NA>;;;
-100,9609;29,3354;1;662;texas;<NA>;;;
-101,0239;29,3641;1;663;texas;<NA>;;;
-101,0526;29,4443;1;664;texas;<NA>;;;
-101,0755;29,4500;1;665;texas;<NA>;;;
-101,1041;29,4730;1;666;texas;<NA>;;;
-101,1557;29,4787;1;667;texas;<NA>;;;
-101,2015;29,5073;1;668;texas;<NA>;;;
-101,2416;29,5073;1;669;texas;<NA>;;;
-101,2531;29,5360;1;670;texas;<NA>;;;
-101,2359;29,5532;1;671;texas;<NA>;;;
-101,2302;29,5933;1;672;texas;<NA>;;;
-101,2474;29,6105;1;673;texas;<NA>;;;
-101,2646;29,6162;1;674;texas;<NA>;;;
-101,2703;29,5933;1;675;texas;<NA>;;;
-101,2818;29,5704;1;676;texas;<NA>;;;
-101,3047;29,5646;1;677;texas;<NA>;;;
-101,3161;29,5818;1;678;texas;<NA>;;;
-101,3047;29,6219;1;679;texas;<NA>;;;
-101,3047;29,6448;1;680;texas;<NA>;;;
-101,3219;29,6334;1;681;texas;<NA>;;;
-101,3505;29,6391;1;682;texas;<NA>;;;
-101,3620;29,6506;1;683;texas;<NA>;;;
-101,3906;29,7422;1;684;texas;<NA>;;;
-101,4078;29,7422;1;685;texas;<NA>;;;
-101,4365;29,7308;1;686;texas;<NA>;;;
-101,4594;29,7365;1;687;texas;<NA>;;;
-101,4651;29,7652;1;688;texas;<NA>;;;
-101,5167;29,7594;1;689;texas;<NA>;;;
-101,5396;29,7594;1;690;texas;<NA>;;;
-101,5339;29,7824;1;691;texas;<NA>;;;
-101,5510;29,7938;1;692;texas;<NA>;;;
-101,5797;29,7766;1;693;texas;<NA>;;;
-101,6141;29,7537;1;694;texas;<NA>;;;
-101,6599;29,7537;1;695;texas;<NA>;;;
-101,7287;29,7594;1;696;texas;<NA>;;;
-101,7516;29,7652;1;697;texas;<NA>;;;
-101,7974;29,7824;1;698;texas;<NA>;;;
-101,8203;29,7824;1;699;texas;<NA>;;;
-101,9349;29,7652;1;700;texas;<NA>;;;
-101,9636;29,8053;1;701;texas;<NA>;;;
-102,0495;29,7766;1;702;texas;<NA>;;;
-102,2214;29,8396;1;703;texas;<NA>;;;
-102,2730;29,8626;1;704;texas;<NA>;;;
-102,3245;29,8683;1;705;texas;<NA>;;;
-102,3646;29,8511;1;706;texas;<NA>;;;
-102,3818;29,7652;1;707;texas;<NA>;;;
-102,3990;29,7537;1;708;texas;<NA>;;;
-102,4620;29,7594;1;709;texas;<NA>;;;
-102,5022;29,7824;1;710;texas;<NA>;;;
-102,5251;29,7537;1;711;texas;<NA>;;;
-102,5480;29,7422;1;712;texas;<NA>;;;
-102,5766;29,7594;1;713;texas;<NA>;;;
-102,6225;29,7365;1;714;texas;<NA>;;;
-102,6511;29,7365;1;715;texas;<NA>;;;
-102,6740;29,7365;1;716;texas;<NA>;;;
-102,7084;29,6620;1;717;texas;<NA>;;;
-102,7428;29,6334;1;718;texas;<NA>;;;
-102,7428;29,5933;1;719;texas;<NA>;;;
-102,7657;29,6047;1;720;texas;<NA>;;;
-102,7714;29,5761;1;721;texas;<NA>;;;
-102,7829;29,5360;1;722;texas;<NA>;;;
-102,8116;29,5245;1;723;texas;<NA>;;;
-102,8116;29,4787;1;724;texas;<NA>;;;
-102,8287;29,4500;1;725;texas;<NA>;;;
-102,8287;29,4157;1;726;texas;<NA>;;;
-102,8345;29,3641;1;727;texas;<NA>;;;
-102,8803;29,3469;1;728;texas;<NA>;;;
-102,8975;29,2953;1;729;texas;<NA>;;;
-102,9032;29,2667;1;730;texas;<NA>;;;
-102,8803;29,2151;1;731;texas;<NA>;;;
-102,9090;29,2151;1;732;texas;<NA>;;;
-102,9376;29,1865;1;733;texas;<NA>;;;
-102,9892;29,1693;1;734;texas;<NA>;;;
-103,0121;29,1636;1;735;texas;<NA>;;;
-103,0350;29,1120;1;736;texas;<NA>;;;
-103,0751;29,0891;1;737;texas;<NA>;;;
-103,1038;29,0490;1;738;texas;<NA>;;;
-103,1152;28,9917;1;739;texas;<NA>;;;
-103,1324;28,9745;1;740;texas;<NA>;;;
-103,1611;28,9859;1;741;texas;<NA>;;;
-103,1954;28,9859;1;742;texas;<NA>;;;
-103,2585;28,9745;1;743;texas;<NA>;;;
-103,2871;28,9745;1;744;texas;<NA>;;;
-103,3387;29,0375;1;745;texas;<NA>;;;
-103,3501;29,0375;1;746;texas;<NA>;;;
-103,3731;29,0146;1;747;texas;<NA>;;;
-103,3902;29,0146;1;748;texas;<NA>;;;
-103,4418;29,0547;1;749;texas;<NA>;;;
-103,4704;29,0604;1;750;texas;<NA>;;;
-103,4934;29,1235;1;751;texas;<NA>;;;
-103,5449;29,1406;1;752;texas;<NA>;;;
-103,5736;29,1521;1;753;texas;<NA>;;;
-103,6423;29,1521;1;754;texas;<NA>;;;
-103,6996;29,1636;1;755;texas;<NA>;;;
-103,7397;29,1979;1;756;texas;<NA>;;;
-103,7569;29,2151;1;757;texas;<NA>;;;
-103,7913;29,2151;1;758;texas;<NA>;;;
-103,7741;29,2438;1;759;texas;<NA>;;;
-103,7970;29,2610;1;760;texas;<NA>;;;
-103,8486;29,2724;1;761;texas;<NA>;;;
-103,9174;29,2781;1;762;texas;<NA>;;;
-104,0090;29,2953;1;763;texas;<NA>;;;
-104,0778;29,3412;1;764;texas;<NA>;;;
-104,1465;29,3813;1;765;texas;<NA>;;;
-104,1867;29,3985;1;766;texas;<NA>;;;
-104,2210;29,4500;1;767;texas;<NA>;;;
-104,2382;29,4787;1;768;texas;<NA>;;;
-104,2840;29,5073;1;769;texas;<NA>;;;
-104,3471;29,5188;1;770;texas;<NA>;;;
-104,3815;29,5302;1;771;texas;<NA>;;;
-104,4330;29,5875;1;772;texas;<NA>;;;
-104,4731;29,5933;1;773;texas;<NA>;;;
-104,5132;29,6277;1;774;texas;<NA>;;;
-104,5362;29,6506;1;775;texas;<NA>;;;
-104,5763;29,7824;1;776;texas;<NA>;;;
-104,6106;29,7938;1;777;texas;<NA>;;;
-104,6393;29,8626;1;778;texas;<NA>;;;
-104,6737;29,9084;1;779;texas;<NA>;;;
-104,6966;29,9943;1;780;texas;<NA>;;;
-104,6966;30,0803;1;781;texas;<NA>;;;
-104,6851;30,1433;1;782;texas;<NA>;;;
-104,7023;30,2121;1;783;texas;<NA>;;;
-104,7367;30,2522;1;784;texas;<NA>;;;
-104,8169;30,3610;1;785;texas;<NA>;;;
-104,8513;30,3725;1;786;texas;<NA>;;;
-104,8513;30,4011;1;787;texas;<NA>;;;
-104,8685;30,4871;1;788;texas;<NA>;;;
-104,8857;30,5501;1;789;texas;<NA>;;;
-104,9430;30,5845;1;790;texas;<NA>;;;
-104,9716;30,6131;1;791;texas;<NA>;;;
-104,9945;30,6532;1;792;texas;<NA>;;;
-105,0174;30,6647;1;793;texas;<NA>;;;
-105,0690;30,6762;1;794;texas;<NA>;;;
-105,1148;30,7163;1;795;texas;<NA>;;;
-105,1664;30,7506;1;796;texas;<NA>;;;
-105,2237;30,7793;1;797;texas;<NA>;;;
-105,2867;30,7965;1;798;texas;<NA>;;;
-105,3899;30,8481;1;799;texas;<NA>;;;
-105,4758;30,9168;1;800;texas;<NA>;;;
-105,5446;30,9684;1;801;texas;<NA>;;;
-105,5789;31,0199;1;802;texas;<NA>;;;
-105,5961;31,0658;1;803;texas;<NA>;;;
-105,6878;31,1288;1;804;texas;<NA>;;;
-105,7623;31,1517;1;805;texas;<NA>;;;
-105,8024;31,1918;1;806;texas;<NA>;;;
-105,8711;31,2663;1;807;texas;<NA>;;;
-105,9227;31,3007;1;808;texas;<NA>;;;
-105,9571;31,3465;1;809;texas;<NA>;;;
-105,9972;31,3809;1;810;texas;<NA>;;;
-106,0258;31,3809;1;811;texas;<NA>;;;
-106,0831;31,3809;1;812;texas;<NA>;;;
-106,1175;31,4096;1;813;texas;<NA>;;;
-106,1634;31,4382;1;814;texas;<NA>;;;
-106,2149;31,4611;1;815;texas;<NA>;;;
-106,2378;31,5127;1;816;texas;<NA>;;;
-106,2837;31,5585;1;817;texas;<NA>;;;
-106,3123;31,6101;1;818;texas;<NA>;;;
-106,3410;31,6731;1;819;texas;<NA>;;;
-106,3925;31,7476;1;820;texas;<NA>;;;
-106,4728;31,7419;1;821;texas;<NA>;;;
-106,5129;31,7533;1;822;texas;<NA>;;;
-106,5472;31,7820;1;823;texas;<NA>;;;
-106,5988;31,8221;1;824;texas;<NA>;;;
-106,6389;31,8679;1;825;texas;<NA>;;;
-106,6446;31,9023;1;826;texas;<NA>;;;
-106,6389;31,9481;1;827;texas;<NA>;;;
-106,6504;31,9825;1;828;texas;<NA>;;;
-106,6274;31,9940;1;829;texas;<NA>;;;
-106,4613;31,9940;1;830;texas;<NA>;;;
-106,3868;31,9882;1;831;texas;<NA>;;;
-105,9972;31,9940;1;832;texas;<NA>;;;
-104,9143;31,9882;1;833;texas;<NA>;;;
-104,8456;31,9940;1;834;texas;<NA>;;;
-104,0148;31,9940;1;835;texas;<NA>;;;
-103,9632;31,9940;1;836;texas;<NA>;;;
-103,7168;31,9940;1;837;texas;<NA>;;;
-103,3616;31,9940;1;838;texas;<NA>;;;
-103,0751;31,9940;1;839;texas;<NA>;;;
-103,0751;32,0742;1;840;texas;<NA>;;;
-103,0751;32,5096;1;841;texas;<NA>;;;
-103,0694;32,9451;1;842;texas;<NA>;;;
-103,0636;33,3863;1;843;texas;<NA>;;;
-103,0636;33,5524;1;844;texas;<NA>;;;
-103,0579;33,8217;1;845;texas;<NA>;;;
-103,0522;34,2973;1;846;texas;<NA>;;;
-103,0522;34,3144;1;847;texas;<NA>;;;
-103,0465;34,7327;1;848;texas;<NA>;;;
-103,0465;34,9390;1;849;texas;<NA>;;;
-103,0465;35,1739;1;850;texas;<NA>;;;
-103,0465;35,6093;1;851;texas;<NA>;;;
-103,0465;35,7297;1;852;texas;<NA>;;;
-103,0465;36,0448;1;853;texas;<NA>;;;
-103,0465;36,4802;1;854;texas;<NA>;;;
-103,0006;36,4802;1;855;texas;<NA>;;;
-102,1584;36,4917;1;856;texas;<NA>;;;
-102,0151;36,4917;1;857;texas;<NA>;;;
-101,6255;36,4917;1;858;texas;<NA>;;;
-101,0755;36,4860;1;859;texas;<NA>;;;
-100,9437;36,4917;1;860;texas;<NA>;;;
-100,5426;36,4917;1;861;texas;<NA>;;;
-100,0041;36,4917;1;862;texas;<NA>;;;
-100,0041;36,0448;1;863;texas;<NA>;;;
-100,0041;35,8786;1;864;texas;<NA>;;;
-100,0098;35,6151;1;865;texas;<NA>;;;
-100,0041;35,4145;1;866;texas;<NA>;;;
-100,0098;35,1796;1;867;texas;<NA>;;;
-100,0041;35,0306;1;868;texas;<NA>;;;
-100,0041;34,7499;1;869;texas;<NA>;;;
-99,9983;34,5608;1;870;texas;<NA>;;;
-99,9869;34,5608;1;871;texas;<NA>;;;
-99,9468;34,5608;1;872;texas;<NA>;;;
-99,9181;34,5608;1;873;texas;<NA>;;;
-99,8895;34,5494;1;874;texas;<NA>;;;
-99,8494;34,5207;1;875;texas;<NA>;;;
-99,8207;34,5035;1;876;texas;<NA>;;;
-99,8093;34,4749;1;877;texas;<NA>;;;
-99,7577;34,4348;1;878;texas;<NA>;;;
-99,7176;34,3889;1;879;texas;<NA>;;;
-99,6889;34,3775;1;880;texas;<NA>;;;
-99,6603;34,3832;1;881;texas;<NA>;;;
-99,6087;34,3717;1;882;texas;<NA>;;;
-99,5915;34,3775;1;883;texas;<NA>;;;
-99,5743;34,4119;1;884;texas;<NA>;;;
-99,5629;34,4176;1;885;texas;<NA>;;;
-99,4999;34,4176;1;886;texas;<NA>;;;
-99,4712;34,4119;1;887;texas;<NA>;;;
-99,4311;34,3775;1;888;texas;<NA>;;;
-99,4082;34,3775;1;889;texas;<NA>;;;
-99,3910;34,4004;1;890;texas;<NA>;;;
-99,3853;34,4405;1;891;texas;<NA>;;;
-99,3738;34,4462;1;892;texas;<NA>;;;
-99,3566;34,4577;1;893;texas;<NA>;;;
-99,3337;34,4462;1;894;texas;<NA>;;;
-99,3165;34,4233;1;895;texas;<NA>;;;
-99,2936;34,4119;1;896;texas;<NA>;;;
-99,2649;34,4004;1;897;texas;<NA>;;;
-99,2363;34,3660;1;898;texas;<NA>;;;
-99,2134;34,3431;1;899;texas;<NA>;;;
-99,1905;34,3431;1;900;texas;<NA>;;;
-99,1905;34,3087;1;901;texas;<NA>;;;
-99,2019;34,2457;1;902;texas;<NA>;;;
-99,1905;34,2228;1;903;texas;<NA>;;;
-99,1618;34,2113;1;904;texas;<NA>;;;
-99,0931;34,2056;1;905;texas;<NA>;;;
-99,0415;34,2056;1;906;texas;<NA>;;;
-99,0128;34,2113;1;907;texas;<NA>;;;
-98,9842;34,2228;1;908;texas;<NA>;;;
-98,9498;34,2113;1;909;texas;<NA>;;;
-98,9212;34,1827;1;910;texas;<NA>;;;
-98,8811;34,1655;1;911;texas;<NA>;;;
-98,8352;34,1540;1;912;texas;<NA>;;;
-98,8008;34,1540;1;913;texas;<NA>;;;
-98,7665;34,1483;1;914;texas;<NA>;;;
-98,7493;34,1311;1;915;texas;<NA>;;;
-98,7206;34,1368;1;916;texas;<NA>;;;
-98,6920;34,1540;1;917;texas;<NA>;;;
-98,6576;34,1540;1;918;texas;<NA>;;;
-98,6290;34,1540;1;919;texas;<NA>;;;
-98,6060;34,1769;1;920;texas;<NA>;;;
-98,5774;34,1540;1;921;texas;<NA>;;;
-98,5545;34,1426;1;922;texas;<NA>;;;
-98,5373;34,0967;1;923;texas;<NA>;;;
-98,5086;34,0738;1;924;texas;<NA>;;;
-98,4857;34,0623;1;925;texas;<NA>;;;
-98,4456;34,0681;1;926;texas;<NA>;;;
-98,4227;34,0853;1;927;texas;<NA>;;;
-98,4112;34,0853;1;928;texas;<NA>;;;
-98,3940;34,1426;1;929;texas;<NA>;;;
-98,3826;34,1540;1;930;texas;<NA>;;;
-98,3539;34,1655;1;931;texas;<NA>;;;
-98,3253;34,1540;1;932;texas;<NA>;;;
-98,2795;34,1254;1;933;texas;<NA>;;;
-98,2107;34,1196;1;934;texas;<NA>;;;
-98,1821;34,1196;1;935;texas;<NA>;;;
-98,1591;34,1311;1;936;texas;<NA>;;;
-98,1305;34,1540;1;937;texas;<NA>;;;
-98,1133;34,1483;1;938;texas;<NA>;;;
-98,0904;34,1368;1;939;texas;<NA>;;;
-98,0847;34,1196;1;940;texas;<NA>;;;
-98,1018;34,0853;1;941;texas;<NA>;;;
-98,0961;34,0394;1;942;texas;<NA>;;;
-98,0732;34,0108;1;943;texas;<NA>;;;
-98,0445;33,9993;1;944;texas;<NA>;;;
-97,9987;34,0108;1;945;texas;<NA>;;;
-97,9643;33,9936;1;946;texas;<NA>;;;
-97,9471;33,9821;1;947;texas;<NA>;;;
-97,9643;33,9535;1;948;texas;<NA>;;;
-97,9758;33,9191;1;949;texas;<NA>;;;
-97,9758;33,9134;1;950;texas;<NA>;;;
-97,9529;33,8675;1;951;texas;<NA>;;;
-97,9070;33,8504;1;952;texas;<NA>;;;
-97,8841;33,8389;1;953;texas;<NA>;;;
-97,8612;33,8389;1;954;texas;<NA>;;;
-97,8325;33,8618;1;955;texas;<NA>;;;
-97,8039;33,8962;1;956;texas;<NA>;;;
-97,7810;33,9248;1;957;texas;<NA>;;;
-97,7638;33,9420;1;958;texas;<NA>;;;
-97,7352;33,9535;1;959;texas;<NA>;;;
-97,7180;33,9764;1;960;texas;<NA>;;;
-97,6950;33,9821;1;961;texas;<NA>;;;
-97,6549;33,9821;1;962;texas;<NA>;;;
-97,6205;33,9764;1;963;texas;<NA>;;;
-97,5976;33,9420;1;964;texas;<NA>;;;
-97,5862;33,9076;1;965;texas;<NA>;;;
-97,5633;33,9019;1;966;texas;<NA>;;;
-97,5461;33,9248;1;967;texas;<NA>;;;
-97,5174;33,9134;1;968;texas;<NA>;;;
-97,4888;33,9134;1;969;texas;<NA>;;;
-97,4659;33,8790;1;970;texas;<NA>;;;
-97,4544;33,8332;1;971;texas;<NA>;;;
-97,4257;33,8102;1;972;texas;<NA>;;;
-97,3914;33,7988;1;973;texas;<NA>;;;
-97,3283;33,8675;1;974;texas;<NA>;;;
-97,3054;33,8618;1;975;texas;<NA>;;;
-97,2768;33,8618;1;976;texas;<NA>;;;
-97,2596;33,9019;1;977;texas;<NA>;;;
-97,2367;33,9134;1;978;texas;<NA>;;;
-97,2080;33,9019;1;979;texas;<NA>;;;
-97,1851;33,8675;1;980;texas;<NA>;;;
-97,1736;33,8446;1;981;texas;<NA>;;;
-97,1908;33,8217;1;982;texas;<NA>;;;
-97,2138;33,7931;1;983;texas;<NA>;;;
-97,1966;33,7529;1;984;texas;<NA>;;;
-97,1679;33,7186;1;985;texas;<NA>;;;
-97,1393;33,7128;1;986;texas;<NA>;;;
-97,1106;33,7243;1;987;texas;<NA>;;;
-97,0992;33,7529;1;988;texas;<NA>;;;
-97,0992;33,7988;1;989;texas;<NA>;;;
-97,0820;33,8102;1;990;texas;<NA>;;;
-97,1106;33,8274;1;991;texas;<NA>;;;
-97,1106;33,8504;1;992;texas;<NA>;;;
-97,0877;33,8561;1;993;texas;<NA>;;;
-97,0591;33,8446;1;994;texas;<NA>;;;
-97,0361;33,8332;1;995;texas;<NA>;;;
-96,9788;33,8847;1;996;texas;<NA>;;;
-96,9903;33,9535;1;997;texas;<NA>;;;
-96,9445;33,9535;1;998;texas;<NA>;;;
-96,9158;33,9649;1;999;texas;<NA>;;;
-96,8929;33,9478;1;1000;texas;<NA>;;;
-96,8814;33,8561;1;1001;texas;<NA>;;;
-96,8643;33,8446;1;1002;texas;<NA>;;;
-96,8413;33,8618;1;1003;texas;<NA>;;;
-96,8012;33,8618;1;1004;texas;<NA>;;;
-96,7668;33,8332;1;1005;texas;<NA>;;;
-96,7382;33,8217;1;1006;texas;<NA>;;;
-96,7153;33,8332;1;1007;texas;<NA>;;;
-96,6924;33,8847;1;1008;texas;<NA>;;;
-96,6694;33,9134;1;1009;texas;<NA>;;;
-96,6408;33,9076;1;1010;texas;<NA>;;;
-96,6351;33,8847;1;1011;texas;<NA>;;;
-96,6121;33,8847;1;1012;texas;<NA>;;;
-96,5950;33,8905;1;1013;texas;<NA>;;;
-96,5892;33,8675;1;1014;texas;<NA>;;;
-96,6121;33,8504;1;1015;texas;<NA>;;;
-96,6351;33,8446;1;1016;texas;<NA>;;;
-96,6236;33,8217;1;1017;texas;<NA>;;;
-96,5434;33,8102;1;1018;texas;<NA>;;;
-96,5262;33,7873;1;1019;texas;<NA>;;;
-96,5147;33,7644;1;1020;texas;<NA>;;;
-96,4804;33,7644;1;1021;texas;<NA>;;;
-96,4575;33,7701;1;1022;texas;<NA>;;;
-96,4231;33,7472;1;1023;texas;<NA>;;;
-96,3887;33,7243;1;1024;texas;<NA>;;;
-96,3658;33,6957;1;1025;texas;<NA>;;;
-96,3371;33,6957;1;1026;texas;<NA>;;;
-96,3142;33,7415;1;1027;texas;<NA>;;;
-96,2913;33,7472;1;1028;texas;<NA>;;;
-96,2626;33,7529;1;1029;texas;<NA>;;;
-96,2340;33,7529;1;1030;texas;<NA>;;;
-96,2111;33,7529;1;1031;texas;<NA>;;;
-96,1882;33,7701;1;1032;texas;<NA>;;;
-96,1538;33,8217;1;1033;texas;<NA>;;;
-96,1137;33,8332;1;1034;texas;<NA>;;;
-96,0678;33,8561;1;1035;texas;<NA>;;;
-95,9991;33,8504;1;1036;texas;<NA>;;;
-95,9819;33,8389;1;1037;texas;<NA>;;;
-95,9647;33,8675;1;1038;texas;<NA>;;;
-95,9189;33,8675;1;1039;texas;<NA>;;;
-95,8616;33,8675;1;1040;texas;<NA>;;;
-95,8272;33,8675;1;1041;texas;<NA>;;;
-95,7871;33,8675;1;1042;texas;<NA>;;;
-95,7928;33,8962;1;1043;texas;<NA>;;;
-95,7814;33,9134;1;1044;texas;<NA>;;;
-95,7470;33,9076;1;1045;texas;<NA>;;;
-95,7298;33,9191;1;1046;texas;<NA>;;;
-95,7011;33,9076;1;1047;texas;<NA>;;;
-95,6610;33,9248;1;1048;texas;<NA>;;;
-95,6209;33,9592;1;1049;texas;<NA>;;;
-95,5866;33,9592;1;1050;texas;<NA>;;;
-95,5636;33,9535;1;1051;texas;<NA>;;;
-95,5522;33,9134;1;1052;texas;<NA>;;;
-95,5293;33,8962;1;1053;texas;<NA>;;;
-95,4834;33,9019;1;1054;texas;<NA>;;;
-95,4376;33,8905;1;1055;texas;<NA>;;;
-95,4032;33,8847;1;1056;texas;<NA>;;;
-95,3688;33,9019;1;1057;texas;<NA>;;;
-95,3230;33,9134;1;1058;texas;<NA>;;;
-95,3001;33,9076;1;1059;texas;<NA>;;;
-95,2829;33,9134;1;1060;texas;<NA>;;;
-95,2657;33,9592;1;1061;texas;<NA>;;;
-95,2428;33,9821;1;1062;texas;<NA>;;;
-95,1626;33,9764;1;1063;texas;<NA>;;;
-95,1454;33,9649;1;1064;texas;<NA>;;;
-95,1110;33,9420;1;1065;texas;<NA>;;;
-95,0938;33,9191;1;1066;texas;<NA>;;;
-95,0709;33,8962;1;1067;texas;<NA>;;;
-95,0308;33,8847;1;1068;texas;<NA>;;;
-94,9907;33,8905;1;1069;texas;<NA>;;;
-94,9678;33,8790;1;1070;texas;<NA>;;;
-94,9563;33,8504;1;1071;texas;<NA>;;;
-94,8990;33,7931;1;1072;texas;<NA>;;;
-94,8646;33,7759;1;1073;texas;<NA>;;;
-94,8303;33,7759;1;1074;texas;<NA>;;;
-94,7959;33,7759;1;1075;texas;<NA>;;;
-94,7844;33,7529;1;1076;texas;<NA>;;;
-94,7500;33,7472;1;1077;texas;<NA>;;;
-94,7328;33,7300;1;1078;texas;<NA>;;;
-94,7157;33,7358;1;1079;texas;<NA>;;;
-94,6985;33,7186;1;1080;texas;<NA>;;;
-94,6813;33,7300;1;1081;texas;<NA>;;;
-94,6641;33,7243;1;1082;texas;<NA>;;;
-94,6641;33,6957;1;1083;texas;<NA>;;;
-94,6469;33,6957;1;1084;texas;<NA>;;;
-94,6240;33,7071;1;1085;texas;<NA>;;;
-94,5781;33,6899;1;1086;texas;<NA>;;;
-94,5495;33,6613;1;1087;texas;<NA>;;;
-94,4979;33,6670;1;1088;texas;<NA>;;;
